account_id,first_payment,cohort
09Q5GR1T44QtQAF,19/10/2020 0:00,2020-10
0BQ5GR1dd4QtQAU,26/01/2021 0:00,2021-01
0EQ5GR1U94QtQAV,14/10/2020 0:00,2020-10
0EQ5GR1WQ4QtQAT,15/11/2020 0:00,2020-11
0hQ5GR1Mp4QtQAB,17/06/2020 0:00,2020-06
0jQ5GR1ZV4QtQAD,03/12/2020 0:00,2020-12
0LQ5GR1Kh4QtQAR,14/05/2020 0:00,2020-05
0lQ5GR1Ui4QtQAF,21/10/2020 0:00,2020-10
0NQ5GR13l4QtQAQ,15/03/2020 0:00,2020-03
0oQ5GR1Iy4QtQAB,14/04/2020 0:00,2020-04
0pQ5GR0Kx4QtQAB,03/03/2020 0:00,2020-03
0XQ5GR1Ov4QtQAV,05/08/2020 0:00,2020-08
10Q5GR0V04QtQAB,29/02/2020 0:00,2020-02
11Q5GR1Hs4QtQAB,30/03/2020 0:00,2020-03
14Q5GR1GI4QtQAD,28/02/2020 0:00,2020-02
14Q5GR1Mq4QtQAF,19/10/2020 0:00,2020-10
15Q5GR1bY4QtQAG,23/12/2020 0:00,2020-12
15Q5GR1SC4QtQAD,13/10/2020 0:00,2020-10
17Q5GR07s4QtQAE,07/03/2020 0:00,2020-03
17Q5GR1Vz4QtQAB,02/11/2020 0:00,2020-11
1AQ5GR1Rh4QtQAV,29/09/2020 0:00,2020-09
1bQ5GR07s4QtQAE,09/03/2020 0:00,2020-03
1eQ5GR1X04QtQAF,07/12/2020 0:00,2020-12
1FQ5GR14q4QtQAQ,29/02/2020 0:00,2020-02
1hQ5GR0eA4QtQAG,27/02/2020 0:00,2020-02
1jQ5GR0Po4QtQAB,21/03/2020 0:00,2020-03
1jQ5GR0t44QtQAE,25/02/2020 0:00,2020-02
1MQ5GR1Mq4QtQAR,23/07/2020 0:00,2020-07
1nQ5GR0p54QtQAA,13/03/2020 0:00,2020-03
1NQ5GR1Bf4QtQAR,05/03/2020 0:00,2020-03
1NQ5GR1O34QtQAV,06/08/2020 0:00,2020-08
1OQ5GR1Ux4QtQAR,20/10/2020 0:00,2020-10
1PQ5GR1Bd4QtQAR,13/03/2020 0:00,2020-03
1SQ5GR1Bf4QtQAR,27/02/2020 0:00,2020-02
1TQ5GR1SC4QtQAT,08/09/2020 0:00,2020-09
24Q5GR1O14QtQAB,14/08/2020 0:00,2020-08
27Q5GR1Ux4QtQAB,20/10/2020 0:00,2020-10
2AQ5GR0zQ4QtQAS,26/02/2020 0:00,2020-02
2gQ5GR1L44QtQAB,14/08/2020 0:00,2020-08
2gQ5GR1Rh4QtQAF,30/09/2020 0:00,2020-09
2HQ5GR1Rh4QtQAV,28/08/2020 0:00,2020-08
2iQ5GR12B4QtQAC,02/03/2020 0:00,2020-03
2iQ5GR1ay4QtQAE,15/12/2020 0:00,2020-12
2IQ5GR1cV4QtQAW,03/01/2021 0:00,2021-01
2oQ5GR0zQ4QtQAG,07/03/2020 0:00,2020-03
2PQ5GR1Wt4QtQAR,03/12/2020 0:00,2020-12
2RQ5GR0bx4QtQAQ,19/03/2020 0:00,2020-03
2ZQ5GR13k4QtQAU,06/03/2020 0:00,2020-03
2ZQ5GR1O34QtQAR,29/07/2020 0:00,2020-07
33Q5GR0bw4QtQAE,17/01/2021 0:00,2021-01
35Q5GR1YK4QtQAD,28/12/2020 0:00,2020-12
37Q5GR1L54QtQAB,04/08/2020 0:00,2020-08
3aQ5GR0Sy4QtQAB,22/03/2020 0:00,2020-03
3aQ5GR1We4QtQAB,13/11/2020 0:00,2020-11
3EQ5GR1Nc4QtQAR,22/07/2020 0:00,2020-07
3eQ5GR1Ov4QtQAF,05/08/2020 0:00,2020-08
3jQ5GR15k4QtQAE,11/03/2020 0:00,2020-03
3jQ5GR1W04QtQAF,05/11/2020 0:00,2020-11
3LQ5GR1de4QtQAQ,26/01/2021 0:00,2021-01
3MQ5GR1Fm4QtQAV,14/03/2020 0:00,2020-03
3QQ5GR1Ao4QtQAV,23/03/2020 0:00,2020-03
3RQ5GR1Ao4QtQAV,23/03/2020 0:00,2020-03
3RQ5GR1O14QtQAR,20/07/2020 0:00,2020-07
3sQ5GR1L54QtQAF,25/06/2020 0:00,2020-06
3TQ5GR1IK4QtQAX,30/03/2020 0:00,2020-03
3UQ5GR1IK4QtQAX,30/03/2020 0:00,2020-03
3vQ5GR1O14QtQAB,15/07/2020 0:00,2020-07
3xQ5GR1Bf4QtQAB,26/02/2020 0:00,2020-02
3YQ5GR1Ux4QtQAR,26/10/2020 0:00,2020-10
42Q5GR1IK4QtQAH,30/03/2020 0:00,2020-03
44Q5GR1Uh4QtQAB,13/10/2020 0:00,2020-10
45Q5GR1An4QtQAB,17/03/2020 0:00,2020-03
4aQ5GR1T34QtQAF,18/09/2020 0:00,2020-09
4AQ5GR1Wg4QtQAV,16/11/2020 0:00,2020-11
4BQ5GR1Ou4QtQAR,18/08/2020 0:00,2020-08
4bQ5GR1Vz4QtQAB,24/11/2020 0:00,2020-11
4cQ5GR1PS4QtQAD,18/09/2020 0:00,2020-09
4dQ5GR1Ke4QtQAF,10/05/2020 0:00,2020-05
4gQ5GR1L54QtQAF,27/05/2020 0:00,2020-05
4IQ5GR1TV4QtQAX,10/09/2020 0:00,2020-09
4kQ5GR1W04QtQAB,02/11/2020 0:00,2020-11
4oQ5GR1cj4QtQAA,11/01/2021 0:00,2021-01
4pQ5GR1KH4QtQAH,14/07/2020 0:00,2020-07
4rQ5GR11h4QtQAE,06/10/2020 0:00,2020-10
4UQ5GR1Ke4QtQAR,05/05/2020 0:00,2020-05
4wQ5GR19b4QtQAE,27/05/2020 0:00,2020-05
4WQ5GR1T34QtQAR,23/09/2020 0:00,2020-09
4yQ5GR1An4QtQAB,07/03/2020 0:00,2020-03
51Q5GR1Bg4QtQAB,29/02/2020 0:00,2020-02
54Q5GR0V24QtQAB,08/11/2020 0:00,2020-11
58Q5GR1L74QtQAB,09/06/2020 0:00,2020-06
5AQ5GR0bx4QtQAU,08/03/2020 0:00,2020-03
5cQ5GR1An4QtQAB,06/03/2020 0:00,2020-03
5fQ5GR1O14QtQAB,16/07/2020 0:00,2020-07
5FQ5GR1Wd4QtQAV,19/12/2020 0:00,2020-12
5GQ5GR0Kx4QtQAR,09/03/2020 0:00,2020-03
5gQ5GR1J04QtQAF,15/04/2020 0:00,2020-04
5IQ5GR1YV4QtQAX,09/12/2020 0:00,2020-12
5jQ5GR1Uz4QtQAB,29/10/2020 0:00,2020-10
5KQ5GR13l4QtQAQ,14/03/2020 0:00,2020-03
5LQ5GR1Bg4QtQAR,29/02/2020 0:00,2020-02
5QQ5GR17F4QtQAW,12/03/2020 0:00,2020-03
5SQ5GR1ek4QtQAU,26/01/2021 0:00,2021-01
5tQ5GR0bv4QtQAA,04/03/2020 0:00,2020-03
60Q5GR1IH4QtQAD,20/03/2020 0:00,2020-03
63Q5GR1Uh4QtQAB,19/10/2020 0:00,2020-10
67Q5GR1Bg4QtQAB,26/02/2020 0:00,2020-02
6aQ5GR1An4QtQAB,08/05/2020 0:00,2020-05
6dQ5GR1L44QtQAF,06/10/2020 0:00,2020-10
6GQ5GR1db4QtQAU,24/01/2021 0:00,2021-01
6iQ5GR1GH4QtQAD,13/03/2020 0:00,2020-03
6iQ5GR1O14QtQAB,16/07/2020 0:00,2020-07
6IQ5GR1Uy4QtQAV,22/10/2020 0:00,2020-10
6KQ5GR1R44QtQAV,20/08/2020 0:00,2020-08
6lQ5GR1SC4QtQAD,08/09/2020 0:00,2020-09
6MQ5GR0zQ4QtQAW,14/03/2020 0:00,2020-03
6NQ5GR17F4QtQAS,09/03/2020 0:00,2020-03
6OQ5GR1O34QtQAV,23/07/2020 0:00,2020-07
6tQ5GR1L64QtQAF,10/06/2020 0:00,2020-06
6WQ5GR1Uh4QtQAR,13/10/2020 0:00,2020-10
72Q5GR1PV4QtQAD,12/08/2020 0:00,2020-08
73Q5GR1SB4QtQAD,05/09/2020 0:00,2020-09
75Q5GR1Ug4QtQAB,12/10/2020 0:00,2020-10
78Q5GR1T54QtQAF,01/10/2020 0:00,2020-10
78Q5GR1WT4QtQAD,10/11/2020 0:00,2020-11
79Q5GR0bx4QtQAE,03/03/2020 0:00,2020-03
7AQ5GR0bx4QtQAU,24/02/2020 0:00,2020-02
7cQ5GR1L54QtQAB,02/06/2020 0:00,2020-06
7dQ5GR1We4QtQAB,12/11/2020 0:00,2020-11
7eQ5GR1KH4QtQAD,07/07/2020 0:00,2020-07
7JQ5GR13k4QtQAQ,14/03/2020 0:00,2020-03
7JQ5GR1Ha4QtQAV,05/05/2020 0:00,2020-05
7kQ5GR1Ao4QtQAF,23/03/2020 0:00,2020-03
7KQ5GR1TV4QtQAX,30/09/2020 0:00,2020-09
7NQ5GR1bY4QtQAW,23/12/2020 0:00,2020-12
7OQ5GR1b54QtQAQ,15/12/2020 0:00,2020-12
7yQ5GR1EJ4QtQAH,07/03/2020 0:00,2020-03
81Q5GR1ci4QtQAA,08/01/2021 0:00,2021-01
8bQ5GR1SD4QtQAH,14/09/2020 0:00,2020-09
8HQ5GR0t34QtQAQ,23/03/2020 0:00,2020-03
8hQ5GR1K74QtQAF,25/08/2020 0:00,2020-08
8jQ5GR1El4QtQAB,20/03/2020 0:00,2020-03
8mQ5GR1Nb4QtQAB,11/07/2020 0:00,2020-07
8NQ5GR1Kh4QtQAR,06/06/2020 0:00,2020-06
8QQ5GR1Bh4QtQAR,20/05/2020 0:00,2020-05
8rQ5GR1An4QtQAB,28/02/2020 0:00,2020-02
8TQ5GR1Nc4QtQAV,15/07/2020 0:00,2020-07
8uQ5GR0sh4QtQAA,25/02/2020 0:00,2020-02
8uQ5GR1L44QtQAB,26/06/2020 0:00,2020-06
8uQ5GR1O24QtQAB,22/07/2020 0:00,2020-07
8wQ5GR0WE4QtQAD,28/02/2020 0:00,2020-02
94Q5GR10o4QtQAA,08/03/2020 0:00,2020-03
96Q5GR1SD4QtQAH,18/09/2020 0:00,2020-09
9BQ5GR1O24QtQAR,30/07/2020 0:00,2020-07
9cQ5GR0rg4QtQAA,17/07/2020 0:00,2020-07
9CQ5GR1de4QtQAQ,26/01/2021 0:00,2021-01
9hQ5GR1244QtQAA,29/02/2020 0:00,2020-02
9hQ5GR1Ui4QtQAF,20/10/2020 0:00,2020-10
9IQ5GR1Rh4QtQAR,28/08/2020 0:00,2020-08
9lQ5GR1Sn4QtQAB,15/10/2020 0:00,2020-10
9mQ5GR1Wc4QtQAB,17/11/2020 0:00,2020-11
9PQ5GR1Mr4QtQAV,26/06/2020 0:00,2020-06
9qQ5GR1TT4QtQAD,29/09/2020 0:00,2020-09
9tQ5GR1Rh4QtQAF,02/09/2020 0:00,2020-09
9uQ5GR0p54QtQAE,11/03/2020 0:00,2020-03
9vQ5GR1SD4QtQAH,10/09/2020 0:00,2020-09
9wQ5GR0p54QtQAE,09/03/2020 0:00,2020-03
A0Q5GR1aT4QtQAK,07/12/2020 0:00,2020-12
A2Q5GR1ci4QtQAM,08/01/2021 0:00,2021-01
A3Q5GR1Ux4QtQAJ,18/10/2020 0:00,2020-10
A5Q5GR1An4QtQAJ,06/03/2020 0:00,2020-03
a5Q5GR1Js4QtQAB,24/04/2020 0:00,2020-04
A5Q5GR1Ux4QtQAN,26/10/2020 0:00,2020-10
a5Q5GR1X04QtQAF,30/11/2020 0:00,2020-11
a9Q5GR1WB4QtQAD,07/11/2020 0:00,2020-11
aaQ5GR1T54QtQAF,25/09/2020 0:00,2020-09
AbQ5GR0Dj4QtQAJ,02/03/2020 0:00,2020-03
aBQ5GR0ff4QtQAQ,16/03/2020 0:00,2020-03
ABQ5GR1NY4QtQA1,13/07/2020 0:00,2020-07
AGQ5GR1Ux4QtQAZ,21/10/2020 0:00,2020-10
AGQ5GR1WA4QtQA1,06/11/2020 0:00,2020-11
aGQ5GR1WP4QtQAT,16/11/2020 0:00,2020-11
AHQ5GR1R04QtQA3,12/08/2020 0:00,2020-08
aHQ5GR1Wc4QtQAR,13/11/2020 0:00,2020-11
aIQ5GR1W04QtQAV,05/11/2020 0:00,2020-11
AjQ5GR1SD4QtQAP,10/09/2020 0:00,2020-09
AkQ5GR0p44QtQAI,10/03/2020 0:00,2020-03
aLQ5GR1Hv4QtQAV,30/03/2020 0:00,2020-03
alQ5GR1R34QtQAF,16/09/2020 0:00,2020-09
AmQ5GR1SD4QtQAP,17/09/2020 0:00,2020-09
aoQ5GR18t4QtQAA,11/03/2020 0:00,2020-03
AoQ5GR1SD4QtQAP,10/09/2020 0:00,2020-09
apQ5GR12C4QtQAC,18/03/2020 0:00,2020-03
ARQ5GR1Na4QtQAZ,13/07/2020 0:00,2020-07
aSQ5GR1HY4QtQAX,17/03/2020 0:00,2020-03
atQ5GR1Ow4QtQAF,06/11/2020 0:00,2020-11
aTQ5GR1Zj4QtQAR,03/12/2020 0:00,2020-12
AuQ5GR0Tz4QtQAN,21/03/2020 0:00,2020-03
AUQ5GR1L74QtQA3,05/08/2020 0:00,2020-08
AvQ5GR1L44QtQAJ,05/06/2020 0:00,2020-06
AwQ5GR15j4QtQAI,07/04/2020 0:00,2020-04
aWQ5GR1de4QtQAU,22/01/2021 0:00,2021-01
AyQ5GR0sh4QtQAM,30/06/2020 0:00,2020-06
AYQ5GR19Z4QtQA4,20/03/2020 0:00,2020-03
azQ5GR1HX4QtQAD,07/04/2020 0:00,2020-04
b3Q5GR1Ux4QtQAB,22/10/2020 0:00,2020-10
b5Q5GR13k4QtQAE,15/03/2020 0:00,2020-03
b5Q5GR1T54QtQAB,22/09/2020 0:00,2020-09
b5Q5GR1TS4QtQAD,29/09/2020 0:00,2020-09
b7Q5GR1VD4QtQAH,19/10/2020 0:00,2020-10
b9Q5GR1EJ4QtQAH,01/03/2020 0:00,2020-03
BAQ5GR1Uy4QtQA3,22/10/2020 0:00,2020-10
bbQ5GR1SB4QtQAH,03/09/2020 0:00,2020-09
bCQ5GR1Be4QtQAV,23/03/2020 0:00,2020-03
bEQ5GR1Wv4QtQAR,18/11/2020 0:00,2020-11
bhQ5GR1WC4QtQAH,06/11/2020 0:00,2020-11
bIQ5GR1T34QtQAV,19/09/2020 0:00,2020-09
BkQ5GR1dd4QtQAM,19/01/2021 0:00,2021-01
bmQ5GR1Wu4QtQAF,16/11/2020 0:00,2020-11
bnQ5GR0FX4QtQAD,04/03/2020 0:00,2020-03
BPQ5GR1bY4QtQA4,18/12/2020 0:00,2020-12
BrQ5GR1Na4QtQAJ,13/07/2020 0:00,2020-07
BRQ5GR1Wz4QtQAZ,24/12/2020 0:00,2020-12
bTQ5GR0Qv4QtQAV,15/03/2020 0:00,2020-03
bTQ5GR19Y4QtQAW,03/03/2020 0:00,2020-03
btQ5GR1Rk4QtQAF,03/09/2020 0:00,2020-09
BTQ5GR1Ux4QtQAZ,22/10/2020 0:00,2020-10
BUQ5GR0mU4QtQA4,27/02/2020 0:00,2020-02
buQ5GR1Rk4QtQAF,03/09/2020 0:00,2020-09
bVQ5GR1Gt4QtQAR,13/03/2020 0:00,2020-03
bxQ5GR1R24QtQAF,15/08/2020 0:00,2020-08
ByQ5GR0fe4QtQAI,12/03/2020 0:00,2020-03
bYQ5GR1Ou4QtQAV,30/07/2020 0:00,2020-07
c0Q5GR1bi4QtQAE,24/12/2020 0:00,2020-12
c0Q5GR1Uv4QtQAB,16/10/2020 0:00,2020-10
c1Q5GR0eA4QtQAC,04/12/2020 0:00,2020-12
C1Q5GR1Na4QtQAJ,13/07/2020 0:00,2020-07
C5Q5GR1O14QtQAJ,03/08/2020 0:00,2020-08
C6Q5GR1bO4QtQAK,18/12/2020 0:00,2020-12
C8Q5GR1PT4QtQAP,08/08/2020 0:00,2020-08
C8Q5GR1R34QtQAN,24/08/2020 0:00,2020-08
C9Q5GR0zQ4QtQAO,28/02/2020 0:00,2020-02
CaQ5GR1b54QtQAI,17/12/2020 0:00,2020-12
caQ5GR1T34QtQAF,08/11/2020 0:00,2020-11
CAQ5GR1Ui4QtQA3,08/12/2020 0:00,2020-12
cBQ5GR1de4QtQAU,25/01/2021 0:00,2021-01
cgQ5GR1bY4QtQAC,23/12/2020 0:00,2020-12
cHQ5GR0BH4QtQAX,23/02/2020 0:00,2020-02
CkQ5GR1Iz4QtQAJ,08/12/2020 0:00,2020-12
ckQ5GR1Sn4QtQAF,21/09/2020 0:00,2020-09
cLQ5GR1Bg4QtQAR,21/03/2020 0:00,2020-03
cLQ5GR1O24QtQAR,24/07/2020 0:00,2020-07
CNQ5GR1bt4QtQAY,28/12/2020 0:00,2020-12
CNQ5GR1T34QtQAZ,23/09/2020 0:00,2020-09
CoQ5GR1Sn4QtQAN,23/09/2020 0:00,2020-09
COQ5GR1U84QtQAZ,06/10/2020 0:00,2020-10
CoQ5GR1UA4QtQAL,09/10/2020 0:00,2020-10
CPQ5GR1JR4QtQA5,20/04/2020 0:00,2020-04
CqQ5GR0rg4QtQAI,12/03/2020 0:00,2020-03
CQQ5GR1Gz4QtQAZ,11/03/2020 0:00,2020-03
CrQ5GR0jd4QtQAI,23/03/2020 0:00,2020-03
CrQ5GR1El4QtQAJ,06/03/2020 0:00,2020-03
crQ5GR1Uy4QtQAF,21/10/2020 0:00,2020-10
CsQ5GR1NY4QtQAL,13/07/2020 0:00,2020-07
cTQ5GR0bx4QtQAQ,14/03/2020 0:00,2020-03
ctQ5GR11H4QtQAC,28/02/2020 0:00,2020-02
ctQ5GR1TR4QtQAH,28/10/2020 0:00,2020-10
ctQ5GR1W94QtQAF,02/11/2020 0:00,2020-11
cuQ5GR0o74QtQAA,29/02/2020 0:00,2020-02
cwQ5GR15j4QtQAE,04/03/2020 0:00,2020-03
CxQ5GR1aj4QtQAI,11/12/2020 0:00,2020-12
cxQ5GR1Mr4QtQAF,26/06/2020 0:00,2020-06
CXQ5GR1Vm4QtQAZ,02/11/2020 0:00,2020-11
cYQ5GR1WA4QtQAT,05/11/2020 0:00,2020-11
D2Q5GR1Ao4QtQAN,23/03/2020 0:00,2020-03
d3Q5GR1VC4QtQAH,26/10/2020 0:00,2020-10
d4Q5GR0M74QtQAB,24/02/2020 0:00,2020-02
D4Q5GR1Mo4QtQAN,12/06/2020 0:00,2020-06
D5Q5GR1VY4QtQAL,27/10/2020 0:00,2020-10
d7Q5GR0BG4QtQAD,07/03/2020 0:00,2020-03
d8Q5GR1ck4QtQAE,12/01/2021 0:00,2021-01
D8Q5GR1Mq4QtQAJ,23/07/2020 0:00,2020-07
dBQ5GR0bv4QtQAU,01/03/2020 0:00,2020-03
DdQ5GR0bu4QtQAM,29/02/2020 0:00,2020-02
DeQ5GR1Z94QtQAN,01/12/2020 0:00,2020-12
dHQ5GR0o64QtQAU,12/03/2020 0:00,2020-03
dHQ5GR0p44QtQAQ,19/03/2020 0:00,2020-03
dhQ5GR1Am4QtQAB,23/05/2020 0:00,2020-05
dHQ5GR1IK4QtQAX,01/04/2020 0:00,2020-04
diQ5GR1Wc4QtQAB,16/11/2020 0:00,2020-11
DJQ5GR0WE4QtQA5,04/03/2020 0:00,2020-03
dJQ5GR1ce4QtQAQ,08/12/2020 0:00,2020-12
DmQ5GR1PV4QtQAP,20/09/2020 0:00,2020-09
dNQ5GR1224QtQAQ,21/09/2020 0:00,2020-09
DNQ5GR1Mq4QtQA3,24/06/2020 0:00,2020-06
dNQ5GR1R24QtQAV,20/08/2020 0:00,2020-08
DoQ5GR0zQ4QtQAO,24/02/2020 0:00,2020-02
DoQ5GR0zR4QtQAO,10/03/2020 0:00,2020-03
DPQ5GR1T64QtQA3,05/10/2020 0:00,2020-10
DTQ5GR1L54QtQA3,01/06/2020 0:00,2020-06
DUQ5GR0Uw4QtQAZ,28/02/2020 0:00,2020-02
duQ5GR1L64QtQAB,10/06/2020 0:00,2020-06
dvQ5GR1L64QtQAB,10/06/2020 0:00,2020-06
DWQ5GR1NY4QtQA1,09/07/2020 0:00,2020-07
dXQ5GR13k4QtQAU,12/03/2020 0:00,2020-03
DxQ5GR1dI4QtQAK,15/01/2021 0:00,2021-01
DXQ5GR1Gz4QtQAZ,27/03/2020 0:00,2020-03
dXQ5GR1IJ4QtQAX,30/03/2020 0:00,2020-03
dxQ5GR1RP4QtQAD,20/08/2020 0:00,2020-08
dXQ5GR1SB4QtQAX,02/09/2020 0:00,2020-09
dYQ5GR0mU4QtQAS,29/02/2020 0:00,2020-02
E0Q5GR1Z24QtQAJ,01/12/2020 0:00,2020-12
eBQ5GR14q4QtQAU,21/03/2020 0:00,2020-03
ECQ5GR1L54QtQA3,10/06/2020 0:00,2020-06
eCQ5GR1Mq4QtQAV,28/06/2020 0:00,2020-06
EdQ5GR0o64QtQAM,07/10/2020 0:00,2020-10
edQ5GR0t44QtQAE,06/03/2020 0:00,2020-03
edQ5GR1O34QtQAB,22/09/2020 0:00,2020-09
eEQ5GR1L64QtQAR,11/06/2020 0:00,2020-06
EeQ5GR1Mq4QtQAN,16/07/2020 0:00,2020-07
EFQ5GR1NY4QtQA1,11/07/2020 0:00,2020-07
EgQ5GR1WA4QtQAL,05/11/2020 0:00,2020-11
eiQ5GR1SC4QtQAD,07/09/2020 0:00,2020-09
EjQ5GR1NY4QtQAL,10/07/2020 0:00,2020-07
eKQ5GR1GI4QtQAX,04/03/2020 0:00,2020-03
EkQ5GR1Mq4QtQAJ,25/06/2020 0:00,2020-06
EKQ5GR1NY4QtQA1,09/07/2020 0:00,2020-07
emQ5GR10p4QtQAA,22/03/2020 0:00,2020-03
EOQ5GR1b54QtQAY,21/12/2020 0:00,2020-12
ePQ5GR1cf4QtQAQ,26/01/2021 0:00,2021-01
EQQ5GR0NP4QtQA5,08/03/2020 0:00,2020-03
EqQ5GR1Vb4QtQAJ,10/11/2020 0:00,2020-11
eSQ5GR1Mr4QtQAV,17/07/2020 0:00,2020-07
ESQ5GR1R44QtQAZ,20/08/2020 0:00,2020-08
eUQ5GR0WE4QtQAX,04/03/2020 0:00,2020-03
evQ5GR1T54QtQAB,23/10/2020 0:00,2020-10
EVQ5GR1TS4QtQA1,26/09/2020 0:00,2020-09
EZQ5GR1NY4QtQA1,17/09/2020 0:00,2020-09
f0Q5GR1Kh4QtQAF,12/05/2020 0:00,2020-05
f1Q5GR1VX4QtQAH,11/12/2020 0:00,2020-12
f1Q5GR1WA4QtQAD,09/11/2020 0:00,2020-11
F2Q5GR1ci4QtQAI,14/01/2021 0:00,2021-01
F3Q5GR1Jr4QtQAN,20/08/2020 0:00,2020-08
F3Q5GR1SZ4QtQAP,06/10/2020 0:00,2020-10
F5Q5GR12D4QtQAK,24/02/2020 0:00,2020-02
f6Q5GR1J04QtQAF,22/04/2020 0:00,2020-04
F9Q5GR1Mr4QtQAJ,01/07/2020 0:00,2020-07
faQ5GR1Ux4QtQAB,02/11/2020 0:00,2020-11
fCQ5GR1L64QtQAR,15/06/2020 0:00,2020-06
FCQ5GR1PT4QtQA5,07/08/2020 0:00,2020-08
fdQ5GR14s4QtQAA,25/02/2020 0:00,2020-02
fdQ5GR1UV4QtQAH,08/01/2021 0:00,2021-01
fEQ5GR1Em4QtQAR,12/03/2020 0:00,2020-03
feQ5GR1Mq4QtQAB,15/06/2020 0:00,2020-06
fFQ5GR1O24QtQAR,23/07/2020 0:00,2020-07
fgQ5GR1Rk4QtQAF,03/09/2020 0:00,2020-09
fgQ5GR1T34QtQAB,22/09/2020 0:00,2020-09
fgQ5GR1VC4QtQAH,26/10/2020 0:00,2020-10
fHQ5GR1Yi4QtQAR,27/11/2020 0:00,2020-11
fkQ5GR1Wy4QtQAF,23/12/2020 0:00,2020-12
FLQ5GR1NZ4QtQA1,07/08/2020 0:00,2020-08
fLQ5GR1Ux4QtQAV,27/10/2020 0:00,2020-10
foQ5GR0bw4QtQAA,18/03/2020 0:00,2020-03
fSQ5GR1SB4QtQAX,15/09/2020 0:00,2020-09
fVQ5GR0Qw4QtQAV,21/01/2021 0:00,2021-01
FVQ5GR15j4QtQA2,06/03/2020 0:00,2020-03
FwQ5GR1Jr4QtQAN,27/04/2020 0:00,2020-04
FyQ5GR1Mr4QtQAJ,29/06/2020 0:00,2020-06
FyQ5GR1Ux4QtQAN,19/10/2020 0:00,2020-10
fZQ5GR0t44QtQAQ,26/02/2020 0:00,2020-02
G3Q5GR0zP4QtQAO,29/02/2020 0:00,2020-02
g4Q5GR1JR4QtQAH,22/04/2020 0:00,2020-04
g5Q5GR0rg4QtQAE,12/03/2020 0:00,2020-03
g5Q5GR1Iz4QtQAB,20/04/2020 0:00,2020-04
g8Q5GR1Bh4QtQAF,27/02/2020 0:00,2020-02
G8Q5GR1D94QtQAN,25/08/2020 0:00,2020-08
GaQ5GR1Jr4QtQAN,30/04/2020 0:00,2020-04
GCQ5GR1Bf4QtQA3,29/02/2020 0:00,2020-02
gCQ5GR1Ug4QtQAR,12/10/2020 0:00,2020-10
GCQ5GR1Zj4QtQAZ,03/12/2020 0:00,2020-12
GdQ5GR1ci4QtQAM,08/01/2021 0:00,2021-01
GEQ5GR1Uy4QtQA3,21/11/2020 0:00,2020-11
ggQ5GR1cV4QtQAG,07/01/2021 0:00,2021-01
GGQ5GR1O24QtQA3,01/08/2020 0:00,2020-08
ghQ5GR12D4QtQAC,03/03/2020 0:00,2020-03
GiQ5GR1Ao4QtQAN,23/03/2020 0:00,2020-03
giQ5GR1NY4QtQAD,01/07/2020 0:00,2020-07
gkQ5GR1Bg4QtQAB,20/03/2020 0:00,2020-03
glQ5GR1SC4QtQAH,10/09/2020 0:00,2020-09
gMQ5GR19b4QtQAU,27/02/2020 0:00,2020-02
gnQ5GR1NY4QtQAD,02/07/2020 0:00,2020-07
gNQ5GR1O14QtQAR,14/07/2020 0:00,2020-07
GNQ5GR1TU4QtQA1,12/10/2020 0:00,2020-10
gnQ5GR1Uh4QtQAB,14/10/2020 0:00,2020-10
gOQ5GR1L74QtQAR,13/07/2020 0:00,2020-07
gOQ5GR1U94QtQAR,07/10/2020 0:00,2020-10
GQQ5GR1Kg4QtQAZ,19/05/2020 0:00,2020-05
GqQ5GR1Kh4QtQAN,12/05/2020 0:00,2020-05
GQQ5GR1T54QtQAZ,24/09/2020 0:00,2020-09
grQ5GR1Bh4QtQAF,27/02/2020 0:00,2020-02
GSQ5GR1H04QtQA3,04/05/2020 0:00,2020-05
GuQ5GR15h4QtQAM,26/12/2020 0:00,2020-12
GvQ5GR1Be4QtQAN,23/02/2020 0:00,2020-02
GvQ5GR1HX4QtQAL,16/03/2020 0:00,2020-03
gXQ5GR1El4QtQAR,10/03/2020 0:00,2020-03
GzQ5GR0KB4QtQAL,22/03/2020 0:00,2020-03
GzQ5GR1Fn4QtQAJ,19/03/2020 0:00,2020-03
h0Q5GR1d64QtQAE,14/01/2021 0:00,2021-01
h1Q5GR10p4QtQAA,17/03/2020 0:00,2020-03
h2Q5GR1TR4QtQAH,24/09/2020 0:00,2020-09
H3Q5GR1L34QtQAJ,01/06/2020 0:00,2020-06
h4Q5GR0p44QtQAA,13/03/2020 0:00,2020-03
H5Q5GR1PT4QtQAP,08/09/2020 0:00,2020-09
H6Q5GR0p34QtQAM,26/02/2020 0:00,2020-02
H7Q5GR1Ie4QtQAJ,19/09/2020 0:00,2020-09
h8Q5GR1L74QtQAB,10/06/2020 0:00,2020-06
H9Q5GR1V64QtQAJ,11/11/2020 0:00,2020-11
hbQ5GR15h4QtQAA,16/03/2020 0:00,2020-03
hbQ5GR1L54QtQAB,28/05/2020 0:00,2020-05
hCQ5GR1UA4QtQAX,09/10/2020 0:00,2020-10
HeQ5GR1Kh4QtQAJ,17/05/2020 0:00,2020-05
HFQ5GR1cy4QtQA2,13/01/2021 0:00,2021-01
hGQ5GR1EI4QtQAT,28/08/2020 0:00,2020-08
HhQ5GR14o4QtQAI,21/09/2020 0:00,2020-09
hhQ5GR1ZP4QtQAH,27/11/2020 0:00,2020-11
HiQ5GR1Wy4QtQAN,18/12/2020 0:00,2020-12
HJQ5GR1YV4QtQA1,11/12/2020 0:00,2020-12
hkQ5GR1O24QtQAB,21/07/2020 0:00,2020-07
HlQ5GR0rg4QtQAM,11/03/2020 0:00,2020-03
HNQ5GR0M84QtQAZ,29/02/2020 0:00,2020-02
hnQ5GR1O34QtQAB,28/08/2020 0:00,2020-08
HnQ5GR1S94QtQAJ,03/09/2020 0:00,2020-09
hNQ5GR1Ui4QtQAV,07/12/2020 0:00,2020-12
hQQ5GR14p4QtQAQ,21/03/2020 0:00,2020-03
hqQ5GR1R14QtQAF,29/09/2020 0:00,2020-09
HsQ5GR0bv4QtQAI,20/03/2020 0:00,2020-03
HsQ5GR1WQ4QtQAL,09/11/2020 0:00,2020-11
HtQ5GR0mU4QtQAO,28/02/2020 0:00,2020-02
hTQ5GR1NZ4QtQAT,08/09/2020 0:00,2020-09
hUQ5GR1Z24QtQAR,27/11/2020 0:00,2020-11
HVQ5GR1UA4QtQA1,08/11/2020 0:00,2020-11
HwQ5GR1SC4QtQAL,11/09/2020 0:00,2020-09
hXQ5GR0fe4QtQAQ,12/03/2020 0:00,2020-03
hXQ5GR1L64QtQAR,11/06/2020 0:00,2020-06
hxQ5GR1O24QtQAB,23/08/2020 0:00,2020-08
hxQ5GR1Ui4QtQAF,15/10/2020 0:00,2020-10
I0Q5GR1Uh4QtQAJ,09/10/2020 0:00,2020-10
i1Q5GR11F4QtQAG,29/02/2020 0:00,2020-02
I2Q5GR1WA4QtQAL,06/11/2020 0:00,2020-11
I4Q5GR14p4QtQAM,21/03/2020 0:00,2020-03
I5Q5GR1ek4QtQAM,27/01/2021 0:00,2021-01
I6Q5GR1Mq4QtQAJ,25/06/2020 0:00,2020-06
iAQ5GR1Uh4QtQAV,16/10/2020 0:00,2020-10
iaQ5GR1Wd4QtQAF,11/11/2020 0:00,2020-11
IBQ5GR0zQ4QtQA0,10/03/2020 0:00,2020-03
IcQ5GR0t44QtQAI,01/03/2020 0:00,2020-03
IEQ5GR1Mp4QtQA3,17/06/2020 0:00,2020-06
iFQ5GR0hb4QtQAU,17/03/2020 0:00,2020-03
IfQ5GR0p64QtQAM,09/03/2020 0:00,2020-03
IfQ5GR1Bg4QtQAN,15/03/2020 0:00,2020-03
IFQ5GR1ek4QtQA2,27/01/2021 0:00,2021-01
IfQ5GR1SC4QtQAL,11/09/2020 0:00,2020-09
IGQ5GR19Y4QtQA4,15/09/2020 0:00,2020-09
IHQ5GR1TU4QtQA1,30/09/2020 0:00,2020-09
iIQ5GR1EI4QtQAT,06/03/2020 0:00,2020-03
IiQ5GR1H04QtQAN,05/03/2020 0:00,2020-03
IIQ5GR1W04QtQA3,12/11/2020 0:00,2020-11
ijQ5GR1Iz4QtQAF,14/04/2020 0:00,2020-04
iKQ5GR1Yx4QtQAR,25/11/2020 0:00,2020-11
IlQ5GR1K74QtQAJ,31/08/2020 0:00,2020-08
ImQ5GR17G4QtQAK,29/02/2020 0:00,2020-02
iMQ5GR17G4QtQAW,02/11/2020 0:00,2020-11
IMQ5GR1ay4QtQA2,19/01/2021 0:00,2021-01
iNQ5GR1SC4QtQAT,09/09/2020 0:00,2020-09
ipQ5GR0dK4QtQAC,28/02/2020 0:00,2020-02
iPQ5GR0Uw4QtQAR,28/02/2020 0:00,2020-02
IQQ5GR1We4QtQA3,19/11/2020 0:00,2020-11
IrQ5GR0t34QtQAM,18/03/2020 0:00,2020-03
iRQ5GR1264QtQAQ,18/03/2020 0:00,2020-03
IRQ5GR1TU4QtQA1,28/09/2020 0:00,2020-09
IRQ5GR1We4QtQA3,17/11/2020 0:00,2020-11
ItQ5GR1TU4QtQAP,02/10/2020 0:00,2020-10
iUQ5GR1L34QtQAR,25/05/2020 0:00,2020-05
IWQ5GR1T54QtQAZ,09/12/2020 0:00,2020-12
IxQ5GR1Vz4QtQAJ,20/11/2020 0:00,2020-11
IyQ5GR1254QtQAM,20/03/2020 0:00,2020-03
iyQ5GR1R44QtQAF,19/08/2020 0:00,2020-08
J0Q5GR07s4QtQAM,26/02/2020 0:00,2020-02
j0Q5GR12E4QtQAG,20/03/2020 0:00,2020-03
J0Q5GR1Wg4QtQAJ,02/12/2020 0:00,2020-12
J3Q5GR1UA4QtQAL,10/10/2020 0:00,2020-10
j5Q5GR1Bg4QtQAB,29/02/2020 0:00,2020-02
j5Q5GR1UA4QtQAH,05/11/2020 0:00,2020-11
j6Q5GR1WA4QtQAD,05/12/2020 0:00,2020-12
J8Q5GR1T44QtQAJ,15/09/2020 0:00,2020-09
J8Q5GR1Vb4QtQAJ,24/11/2020 0:00,2020-11
J9Q5GR1Ao4QtQAN,23/03/2020 0:00,2020-03
JaQ5GR1S94QtQAJ,10/09/2020 0:00,2020-09
jbQ5GR1Fn4QtQAF,18/09/2020 0:00,2020-09
JBQ5GR1Fn4QtQAZ,18/03/2020 0:00,2020-03
JEQ5GR1UV4QtQA5,21/10/2020 0:00,2020-10
jfQ5GR0p34QtQAE,16/03/2020 0:00,2020-03
JGQ5GR0BI4QtQA1,14/03/2020 0:00,2020-03
JGQ5GR1bY4QtQA4,23/12/2020 0:00,2020-12
JGQ5GR1cy4QtQA2,11/01/2021 0:00,2021-01
jjQ5GR1db4QtQAA,18/01/2021 0:00,2021-01
jjQ5GR1En4QtQAF,29/09/2020 0:00,2020-09
jKQ5GR0Pp4QtQAV,24/02/2020 0:00,2020-02
JKQ5GR1Ou4QtQA3,25/09/2020 0:00,2020-09
JKQ5GR1Rj4QtQA3,31/08/2020 0:00,2020-08
JlQ5GR0sh4QtQAM,16/03/2020 0:00,2020-03
jLQ5GR11E4QtQAW,22/03/2020 0:00,2020-03
jLQ5GR1SC4QtQAX,10/09/2020 0:00,2020-09
jLQ5GR1T54QtQAR,24/09/2020 0:00,2020-09
jMQ5GR1de4QtQAU,20/01/2021 0:00,2021-01
jMQ5GR1SC4QtQAX,11/09/2020 0:00,2020-09
jNQ5GR0SM4QtQAT,10/03/2020 0:00,2020-03
JNQ5GR12C4QtQA0,16/03/2020 0:00,2020-03
joQ5GR1TT4QtQAD,29/09/2020 0:00,2020-09
jpQ5GR11E4QtQAG,23/03/2020 0:00,2020-03
jpQ5GR1GI4QtQAH,15/03/2020 0:00,2020-03
JpQ5GR1RP4QtQAL,21/08/2020 0:00,2020-08
JQQ5GR1Rk4QtQAZ,15/09/2020 0:00,2020-09
JrQ5GR1R24QtQAN,14/08/2020 0:00,2020-08
JUQ5GR0M54QtQAZ,26/02/2020 0:00,2020-02
juQ5GR1Uy4QtQAF,28/10/2020 0:00,2020-10
JVQ5GR1Vo4QtQAZ,30/10/2020 0:00,2020-10
jvQ5GR1ZF4QtQAH,30/11/2020 0:00,2020-11
JWQ5GR1Mo4QtQA3,25/06/2020 0:00,2020-06
jwQ5GR1ZT4QtQAD,02/12/2020 0:00,2020-12
jYQ5GR1Sn4QtQAV,14/09/2020 0:00,2020-09
JZQ5GR1S94QtQAZ,07/09/2020 0:00,2020-09
k0Q5GR0t34QtQAA,24/02/2020 0:00,2020-02
K2Q5GR1RP4QtQAL,08/11/2020 0:00,2020-11
k4Q5GR1R24QtQAF,17/08/2020 0:00,2020-08
K5Q5GR1H04QtQAN,05/03/2020 0:00,2020-03
k5Q5GR1Uh4QtQAF,16/10/2020 0:00,2020-10
k6Q5GR1b54QtQAE,21/12/2020 0:00,2020-12
k7Q5GR1244QtQAA,05/03/2020 0:00,2020-03
KaQ5GR0zR4QtQAO,08/03/2020 0:00,2020-03
KBQ5GR1UA4QtQA1,20/10/2020 0:00,2020-10
kEQ5GR1cf4QtQAQ,21/01/2021 0:00,2021-01
keQ5GR1T34QtQAB,23/09/2020 0:00,2020-09
kgQ5GR0GW4QtQAD,08/03/2020 0:00,2020-03
KgQ5GR1T44QtQAJ,21/09/2020 0:00,2020-09
KhQ5GR0zR4QtQAO,28/02/2020 0:00,2020-02
kjQ5GR1de4QtQAE,19/01/2021 0:00,2021-01
kJQ5GR1L64QtQAV,09/06/2020 0:00,2020-06
KkQ5GR0hc4QtQAM,19/03/2020 0:00,2020-03
kkQ5GR1de4QtQAE,20/01/2021 0:00,2021-01
KmQ5GR1cV4QtQAK,30/12/2020 0:00,2020-12
KmQ5GR1TT4QtQAL,05/10/2020 0:00,2020-10
kNQ5GR1U94QtQAV,02/10/2020 0:00,2020-10
KoQ5GR0Di4QtQAN,02/03/2020 0:00,2020-03
KOQ5GR1Zp4QtQAZ,08/12/2020 0:00,2020-12
KqQ5GR1R24QtQAJ,18/09/2020 0:00,2020-09
KqQ5GR1R44QtQAN,24/09/2020 0:00,2020-09
krQ5GR1d44QtQAA,08/01/2021 0:00,2021-01
krQ5GR1SC4QtQAD,13/10/2020 0:00,2020-10
KSQ5GR13k4QtQA2,02/03/2020 0:00,2020-03
ksQ5GR1TT4QtQAD,25/09/2020 0:00,2020-09
KTQ5GR1UA4QtQA5,08/12/2020 0:00,2020-12
KVQ5GR1bX4QtQA4,21/01/2021 0:00,2021-01
KVQ5GR1R24QtQA3,24/08/2020 0:00,2020-08
kxQ5GR1EI4QtQAD,07/03/2020 0:00,2020-03
L1Q5GR1Ha4QtQAJ,17/03/2020 0:00,2020-03
L5Q5GR1Js4QtQAN,24/04/2020 0:00,2020-04
l6Q5GR11H4QtQAG,28/09/2020 0:00,2020-09
LAQ5GR1Mp4QtQAZ,18/06/2020 0:00,2020-06
LbQ5GR1ch4QtQAI,11/01/2021 0:00,2021-01
lcQ5GR1cf4QtQAE,21/12/2020 0:00,2020-12
LDQ5GR1Mp4QtQA3,07/07/2020 0:00,2020-07
LeQ5GR0Mc4QtQAN,09/03/2020 0:00,2020-03
LGQ5GR1Ao4QtQA3,23/03/2020 0:00,2020-03
LgQ5GR1L64QtQAJ,09/06/2020 0:00,2020-06
LgQ5GR1O24QtQAJ,30/07/2020 0:00,2020-07
LhQ5GR0ff4QtQAM,16/03/2020 0:00,2020-03
lIQ5GR1264QtQAQ,26/02/2020 0:00,2020-02
lIQ5GR1de4QtQAU,19/01/2021 0:00,2021-01
LJQ5GR1NZ4QtQA1,07/08/2020 0:00,2020-08
LLQ5GR0bx4QtQA2,27/02/2020 0:00,2020-02
lLQ5GR1244QtQAU,29/02/2020 0:00,2020-02
LlQ5GR1Wc4QtQAJ,13/11/2020 0:00,2020-11
LOQ5GR0rg4QtQAY,09/03/2020 0:00,2020-03
loQ5GR1ak4QtQAE,14/12/2020 0:00,2020-12
LoQ5GR1Mq4QtQAN,26/06/2020 0:00,2020-06
lPQ5GR1Mp4QtQAR,08/11/2020 0:00,2020-11
LQQ5GR0zQ4QtQA0,08/03/2020 0:00,2020-03
lQQ5GR11E4QtQAS,17/03/2020 0:00,2020-03
lRQ5GR1ci4QtQAQ,13/01/2021 0:00,2021-01
LSQ5GR1Mp4QtQA3,19/07/2020 0:00,2020-07
lTQ5GR1ci4QtQAQ,19/01/2021 0:00,2021-01
luQ5GR1NY4QtQAD,30/07/2020 0:00,2020-07
LWQ5GR1II4QtQA5,23/03/2020 0:00,2020-03
lwQ5GR1Z24QtQAB,25/11/2020 0:00,2020-11
lXQ5GR0t34QtQAQ,12/03/2020 0:00,2020-03
lxQ5GR0zQ4QtQAC,26/02/2020 0:00,2020-02
LzQ5GR1Kh4QtQAN,03/06/2020 0:00,2020-06
m0Q5GR1Uh4QtQAB,19/10/2020 0:00,2020-10
M1Q5GR1T34QtQAN,24/09/2020 0:00,2020-09
m3Q5GR12D4QtQAG,28/04/2020 0:00,2020-04
M5Q5GR1Zr4QtQAN,02/12/2020 0:00,2020-12
M6Q5GR18t4QtQAI,18/03/2020 0:00,2020-03
M7Q5GR1EI4QtQAL,04/03/2020 0:00,2020-03
m7Q5GR1Iz4QtQAF,14/04/2020 0:00,2020-04
M7Q5GR1SZ4QtQAP,21/09/2020 0:00,2020-09
maQ5GR1UA4QtQAH,09/10/2020 0:00,2020-10
mBQ5GR1de4QtQAU,20/01/2021 0:00,2021-01
mCQ5GR1T44QtQAR,21/09/2020 0:00,2020-09
mEQ5GR1Zx4QtQAV,21/01/2021 0:00,2021-01
mGQ5GR0t34QtQAU,13/03/2020 0:00,2020-03
mhQ5GR1Em4QtQAB,16/03/2020 0:00,2020-03
mJQ5GR1A04QtQAV,29/02/2020 0:00,2020-02
MjQ5GR1EI4QtQAP,03/03/2020 0:00,2020-03
MkQ5GR14p4QtQAI,21/03/2020 0:00,2020-03
mKQ5GR1db4QtQAQ,18/01/2021 0:00,2021-01
mmQ5GR0Ov4QtQAF,16/03/2020 0:00,2020-03
mNQ5GR12D4QtQAW,05/03/2020 0:00,2020-03
moQ5GR1NY4QtQAD,07/07/2020 0:00,2020-07
mQQ5GR1Fn4QtQAV,18/03/2020 0:00,2020-03
mQQ5GR1PV4QtQAX,11/08/2020 0:00,2020-08
MqQ5GR1TT4QtQAL,06/10/2020 0:00,2020-10
MqQ5GR1VD4QtQAP,19/10/2020 0:00,2020-10
msQ5GR11H4QtQAG,09/11/2020 0:00,2020-11
MSQ5GR1H04QtQA3,11/05/2020 0:00,2020-05
msQ5GR1PV4QtQAD,14/08/2020 0:00,2020-08
mSQ5GR1Uh4QtQAV,16/10/2020 0:00,2020-10
MsQ5GR1VD4QtQAP,22/10/2020 0:00,2020-10
mtQ5GR1Wc4QtQAB,16/11/2020 0:00,2020-11
MuQ5GR14p4QtQAI,21/03/2020 0:00,2020-03
MUQ5GR1SY4QtQA1,12/09/2020 0:00,2020-09
mvQ5GR1Iz4QtQAF,30/04/2020 0:00,2020-04
mVQ5GR1L34QtQAR,20/05/2020 0:00,2020-05
mzQ5GR1de4QtQAE,22/01/2021 0:00,2021-01
N0Q5GR0p64QtQAM,09/12/2020 0:00,2020-12
n2Q5GR1PV4QtQAD,12/08/2020 0:00,2020-08
n3Q5GR1TV4QtQAH,10/10/2020 0:00,2020-10
N5Q5GR1YV4QtQAP,09/12/2020 0:00,2020-12
n7Q5GR0t34QtQAA,10/03/2020 0:00,2020-03
N9Q5GR1aq4QtQAM,29/12/2020 0:00,2020-12
nBQ5GR1Ic4QtQAR,02/04/2020 0:00,2020-04
NCQ5GR1O34QtQAZ,30/07/2020 0:00,2020-07
NEQ5GR1EI4QtQA1,14/05/2020 0:00,2020-05
nEQ5GR1O24QtQAV,27/07/2020 0:00,2020-07
neQ5GR1RQ4QtQAH,24/08/2020 0:00,2020-08
nFQ5GR1Zj4QtQAR,03/12/2020 0:00,2020-12
NFQ5GR1Zr4QtQA3,09/12/2020 0:00,2020-12
NGQ5GR0zQ4QtQA4,04/03/2020 0:00,2020-03
NgQ5GR1Ao4QtQAN,23/03/2020 0:00,2020-03
nGQ5GR1Em4QtQAR,31/03/2020 0:00,2020-03
nhQ5GR1b54QtQAA,04/01/2021 0:00,2021-01
nHQ5GR1PV4QtQAT,12/08/2020 0:00,2020-08
NHQ5GR1UA4QtQA1,06/10/2020 0:00,2020-10
nIQ5GR1PV4QtQAT,12/08/2020 0:00,2020-08
nIQ5GR1SB4QtQAT,08/09/2020 0:00,2020-09
nJQ5GR1An4QtQAR,07/03/2020 0:00,2020-03
njQ5GR1cj4QtQAA,19/01/2021 0:00,2021-01
nmQ5GR0o74QtQAA,09/03/2020 0:00,2020-03
nMQ5GR1Vz4QtQAR,15/11/2020 0:00,2020-11
nmQ5GR1Wf4QtQAB,30/11/2020 0:00,2020-11
NNQ5GR1244QtQAY,10/03/2020 0:00,2020-03
nnQ5GR1de4QtQAE,22/01/2021 0:00,2021-01
NnQ5GR1H04QtQAN,10/03/2020 0:00,2020-03
nNQ5GR1SZ4QtQAX,30/09/2020 0:00,2020-09
nQQ5GR0hc4QtQAQ,17/06/2020 0:00,2020-06
nQQ5GR18s4QtQAQ,10/03/2020 0:00,2020-03
NSQ5GR1WP4QtQA1,12/11/2020 0:00,2020-11
NtQ5GR1Kh4QtQAJ,11/06/2020 0:00,2020-06
nUQ5GR1EK4QtQAT,20/03/2020 0:00,2020-03
NWQ5GR1Vm4QtQA3,12/11/2020 0:00,2020-11
nXQ5GR1Mr4QtQAV,07/07/2020 0:00,2020-07
nyQ5GR1O24QtQAF,01/10/2020 0:00,2020-10
NZQ5GR1b04QtQA2,15/12/2020 0:00,2020-12
o0Q5GR1Wo4QtQAF,16/11/2020 0:00,2020-11
O1Q5GR1254QtQAM,18/04/2020 0:00,2020-04
O1Q5GR1SY4QtQAL,12/09/2020 0:00,2020-09
O3Q5GR1254QtQAM,01/03/2020 0:00,2020-03
O4Q5GR1254QtQAM,01/03/2020 0:00,2020-03
O7Q5GR1EK4QtQAL,06/03/2020 0:00,2020-03
o7Q5GR1TR4QtQAH,09/10/2020 0:00,2020-10
O7Q5GR1YP4QtQAL,26/11/2020 0:00,2020-11
O9Q5GR1Ww4QtQAN,18/11/2020 0:00,2020-11
OAQ5GR1UA4QtQA1,07/10/2020 0:00,2020-10
oDQ5GR0T04QtQAV,22/03/2020 0:00,2020-03
odQ5GR1Vz4QtQAB,06/11/2020 0:00,2020-11
OgQ5GR1Ao4QtQAJ,23/03/2020 0:00,2020-03
OgQ5GR1W04QtQAN,14/12/2020 0:00,2020-12
OHQ5GR1O24QtQAZ,28/10/2020 0:00,2020-10
oHQ5GR1VR4QtQAT,09/11/2020 0:00,2020-11
oIQ5GR14r4QtQAQ,25/02/2020 0:00,2020-02
oiQ5GR1RP4QtQAD,28/08/2020 0:00,2020-08
OjQ5GR1de4QtQAI,25/01/2021 0:00,2021-01
oJQ5GR1O34QtQAV,30/07/2020 0:00,2020-07
OLQ5GR0zQ4QtQA0,02/03/2020 0:00,2020-03
oNQ5GR14q4QtQAQ,16/03/2020 0:00,2020-03
ooQ5GR1R14QtQAB,24/08/2020 0:00,2020-08
OsQ5GR1bY4QtQAO,23/12/2020 0:00,2020-12
OSQ5GR1R24QtQA3,28/08/2020 0:00,2020-08
osQ5GR1T34QtQAF,22/09/2020 0:00,2020-09
OtQ5GR0dN4QtQAO,09/03/2020 0:00,2020-03
otQ5GR0Tc4QtQAF,29/02/2020 0:00,2020-02
OTQ5GR1Bg4QtQAZ,21/03/2020 0:00,2020-03
owQ5GR1Mr4QtQAB,29/06/2020 0:00,2020-06
oxQ5GR1az4QtQAA,06/01/2021 0:00,2021-01
OyQ5GR1X14QtQAN,19/11/2020 0:00,2020-11
P1Q5GR1R24QtQAN,11/08/2020 0:00,2020-08
P2Q5GR1R24QtQAN,13/08/2020 0:00,2020-08
p6Q5GR0BF4QtQAH,08/03/2020 0:00,2020-03
P6Q5GR0KB4QtQAL,10/03/2020 0:00,2020-03
P7Q5GR1Js4QtQAN,01/05/2020 0:00,2020-05
P7Q5GR1T34QtQAJ,16/09/2020 0:00,2020-09
p8Q5GR0t34QtQAA,20/03/2020 0:00,2020-03
p8Q5GR1Ri4QtQAB,07/10/2020 0:00,2020-10
PaQ5GR1GF4QtQAL,19/03/2020 0:00,2020-03
PaQ5GR1Z24QtQAJ,27/11/2020 0:00,2020-11
pcQ5GR1TV4QtQAH,23/11/2020 0:00,2020-11
pEQ5GR1NY4QtQAT,22/08/2020 0:00,2020-08
pFQ5GR1R24QtQAR,22/09/2020 0:00,2020-09
PGQ5GR1En4QtQAZ,11/03/2020 0:00,2020-03
PGQ5GR1Rh4QtQAZ,07/10/2020 0:00,2020-10
pHQ5GR1KF4QtQAX,28/04/2020 0:00,2020-04
pIQ5GR0dO4QtQAS,30/09/2020 0:00,2020-09
PLQ5GR17G4QtQA0,24/02/2020 0:00,2020-02
PMQ5GR1NY4QtQA1,07/07/2020 0:00,2020-07
pOQ5GR1NY4QtQAT,22/08/2020 0:00,2020-08
pQQ5GR1O24QtQAV,22/07/2020 0:00,2020-07
pqQ5GR1T34QtQAB,08/11/2020 0:00,2020-11
PrQ5GR07s4QtQAI,24/02/2020 0:00,2020-02
PSQ5GR1EI4QtQA5,03/03/2020 0:00,2020-03
PuQ5GR1Rh4QtQAJ,26/08/2020 0:00,2020-08
PvQ5GR1Js4QtQAN,07/05/2020 0:00,2020-05
PWQ5GR1Ao4QtQA3,14/03/2020 0:00,2020-03
PXQ5GR1TU4QtQA5,06/10/2020 0:00,2020-10
PyQ5GR1Rh4QtQAN,31/08/2020 0:00,2020-08
PyQ5GR1UB4QtQAL,09/11/2020 0:00,2020-11
pZQ5GR17H4QtQAW,17/03/2020 0:00,2020-03
q0Q5GR1PV4QtQAH,08/08/2020 0:00,2020-08
Q1Q5GR15h4QtQAI,02/03/2020 0:00,2020-03
q1Q5GR1WP4QtQAD,25/11/2020 0:00,2020-11
q3Q5GR1Kh4QtQAF,14/05/2020 0:00,2020-05
q4Q5GR1O24QtQAF,04/09/2020 0:00,2020-09
Q4Q5GR1Ou4QtQAN,13/08/2020 0:00,2020-08
Q4Q5GR1Uh4QtQAJ,14/10/2020 0:00,2020-10
q6Q5GR1d64QtQAA,21/01/2021 0:00,2021-01
q7Q5GR1cT4QtQAG,04/01/2021 0:00,2021-01
Q8Q5GR1bY4QtQAO,23/12/2020 0:00,2020-12
Q8Q5GR1R24QtQAJ,17/08/2020 0:00,2020-08
Q8Q5GR1YP4QtQAL,24/11/2020 0:00,2020-11
QBQ5GR15h4QtQAY,10/03/2020 0:00,2020-03
QbQ5GR1SZ4QtQAP,14/09/2020 0:00,2020-09
qCQ5GR1Wy4QtQAV,23/11/2020 0:00,2020-11
qdQ5GR1b54QtQAE,17/12/2020 0:00,2020-12
QEQ5GR0NN4QtQA5,10/03/2020 0:00,2020-03
qeQ5GR1VZ4QtQAD,08/11/2020 0:00,2020-11
qFQ5GR1de4QtQAQ,26/01/2021 0:00,2021-01
QgQ5GR17G4QtQAO,17/03/2020 0:00,2020-03
QgQ5GR1RQ4QtQAP,21/08/2020 0:00,2020-08
qGQ5GR1Va4QtQAV,30/10/2020 0:00,2020-10
QHQ5GR1PT4QtQA1,11/08/2020 0:00,2020-08
QhQ5GR1RQ4QtQAP,23/08/2020 0:00,2020-08
QiQ5GR1TU4QtQAP,23/12/2020 0:00,2020-12
qjQ5GR1Rh4QtQAB,03/09/2020 0:00,2020-09
QKQ5GR1244QtQAY,23/03/2020 0:00,2020-03
qlQ5GR0BF4QtQAH,27/02/2020 0:00,2020-02
qLQ5GR1TU4QtQAT,01/10/2020 0:00,2020-10
QMQ5GR1Bf4QtQA3,19/05/2020 0:00,2020-05
QmQ5GR1Ie4QtQAN,04/04/2020 0:00,2020-04
QNQ5GR1O24QtQAZ,25/07/2020 0:00,2020-07
QOQ5GR1GF4QtQA1,19/03/2020 0:00,2020-03
qPQ5GR1R34QtQAR,18/08/2020 0:00,2020-08
qPQ5GR1Rh4QtQAR,03/09/2020 0:00,2020-09
qpQ5GR1Ri4QtQAF,29/08/2020 0:00,2020-08
qRQ5GR1O24QtQAV,13/08/2020 0:00,2020-08
qRQ5GR1RQ4QtQAX,02/09/2020 0:00,2020-09
qsQ5GR0t34QtQAA,19/03/2020 0:00,2020-03
qSQ5GR14r4QtQAU,27/02/2020 0:00,2020-02
qsQ5GR1II4QtQAD,25/05/2020 0:00,2020-05
qTQ5GR1cf4QtQAU,17/12/2020 0:00,2020-12
qtQ5GR1II4QtQAD,02/10/2020 0:00,2020-10
qTQ5GR1NZ4QtQAT,09/07/2020 0:00,2020-07
QtQ5GR1SC4QtQAL,09/09/2020 0:00,2020-09
qtQ5GR1SD4QtQAD,21/09/2020 0:00,2020-09
QvQ5GR1SD4QtQAP,11/09/2020 0:00,2020-09
QwQ5GR1L54QtQAJ,08/07/2020 0:00,2020-07
QwQ5GR1Ms4QtQAN,10/07/2020 0:00,2020-07
qxQ5GR1bY4QtQAG,23/12/2020 0:00,2020-12
QZQ5GR0t34QtQA2,24/02/2020 0:00,2020-02
r1Q5GR0t34QtQAA,20/03/2020 0:00,2020-03
R3Q5GR1NY4QtQAL,07/07/2020 0:00,2020-07
r4Q5GR1J04QtQAF,23/04/2020 0:00,2020-04
r4Q5GR1O24QtQAB,08/01/2021 0:00,2021-01
R5Q5GR1de4QtQAI,20/01/2021 0:00,2021-01
RBQ5GR1SC4QtQA1,09/09/2020 0:00,2020-09
RcQ5GR0eC4QtQAO,18/03/2020 0:00,2020-03
RCQ5GR0KB4QtQA1,19/03/2020 0:00,2020-03
RcQ5GR0p44QtQAI,26/02/2020 0:00,2020-02
REQ5GR12C4QtQA0,06/03/2020 0:00,2020-03
REQ5GR1Am4QtQAZ,06/03/2020 0:00,2020-03
RFQ5GR0bv4QtQAY,25/02/2020 0:00,2020-02
rfQ5GR1PV4QtQAD,12/08/2020 0:00,2020-08
RFQ5GR1Ui4QtQA3,15/10/2020 0:00,2020-10
rGQ5GR1d64QtQAQ,13/01/2021 0:00,2021-01
rHQ5GR0mU4QtQAW,17/03/2020 0:00,2020-03
RHQ5GR1Ms4QtQAZ,29/06/2020 0:00,2020-06
RHQ5GR1O24QtQAZ,13/08/2020 0:00,2020-08
RIQ5GR0rD4QtQA4,14/03/2020 0:00,2020-03
RIQ5GR1L44QtQAZ,29/05/2020 0:00,2020-05
rJQ5GR1UW4QtQAX,13/10/2020 0:00,2020-10
RkQ5GR1Va4QtQAN,06/11/2020 0:00,2020-11
RMQ5GR1ci4QtQA2,08/01/2021 0:00,2021-01
rmQ5GR1de4QtQAA,27/01/2021 0:00,2021-01
RMQ5GR1Ms4QtQAZ,29/06/2020 0:00,2020-06
RmQ5GR1PV4QtQAL,08/11/2020 0:00,2020-11
RMQ5GR1Rh4QtQA3,28/08/2020 0:00,2020-08
ROQ5GR1Mp4QtQAZ,17/06/2020 0:00,2020-06
RQQ5GR1R24QtQAZ,18/08/2020 0:00,2020-08
rRQ5GR0dK4QtQAS,25/02/2020 0:00,2020-02
RrQ5GR1ek4QtQAM,26/01/2021 0:00,2021-01
rsQ5GR1Fo4QtQAB,20/03/2020 0:00,2020-03
rSQ5GR1Rh4QtQAR,01/09/2020 0:00,2020-09
rtQ5GR1Hv4QtQAF,03/04/2020 0:00,2020-04
rwQ5GR1Kh4QtQAF,12/05/2020 0:00,2020-05
rYQ5GR1II4QtQAT,14/04/2020 0:00,2020-04
RYQ5GR1Yx4QtQA3,24/11/2020 0:00,2020-11
RzQ5GR1Hu4QtQAJ,19/03/2020 0:00,2020-03
rZQ5GR1PU4QtQAT,10/09/2020 0:00,2020-09
s1Q5GR0zR4QtQAG,11/03/2020 0:00,2020-03
s1Q5GR1ek4QtQAA,28/01/2021 0:00,2021-01
S5Q5GR1Rj4QtQAN,22/09/2020 0:00,2020-09
S6Q5GR1L44QtQAJ,27/05/2020 0:00,2020-05
S8Q5GR1RP4QtQAL,28/08/2020 0:00,2020-08
saQ5GR1WA4QtQAD,04/11/2020 0:00,2020-11
SBQ5GR1Vm4QtQA3,06/01/2021 0:00,2021-01
SEQ5GR1Ou4QtQAZ,04/08/2020 0:00,2020-08
sfQ5GR0KC4QtQAH,23/02/2020 0:00,2020-02
sFQ5GR0mU4QtQAW,03/03/2020 0:00,2020-03
sfQ5GR0Oy4QtQAF,18/03/2020 0:00,2020-03
SIQ5GR15k4QtQAY,11/03/2020 0:00,2020-03
SjQ5GR11H4QtQAO,15/03/2020 0:00,2020-03
skQ5GR1Am4QtQAB,06/03/2020 0:00,2020-03
SKQ5GR1R24QtQA3,17/08/2020 0:00,2020-08
sNQ5GR0bw4QtQAQ,17/03/2020 0:00,2020-03
snQ5GR1W04QtQAB,17/11/2020 0:00,2020-11
SoQ5GR1KH4QtQAL,06/05/2020 0:00,2020-05
soQ5GR1L44QtQAB,01/06/2020 0:00,2020-06
sOQ5GR1Wd4QtQAV,18/11/2020 0:00,2020-11
sQQ5GR1L64QtQAR,07/11/2020 0:00,2020-11
sqQ5GR1T34QtQAB,21/09/2020 0:00,2020-09
SrQ5GR0sh4QtQAM,18/03/2020 0:00,2020-03
sSQ5GR1Ww4QtQAR,18/11/2020 0:00,2020-11
sTQ5GR1O14QtQAR,22/07/2020 0:00,2020-07
StQ5GR1Ux4QtQAN,07/11/2020 0:00,2020-11
swQ5GR1Wd4QtQAB,12/11/2020 0:00,2020-11
swQ5GR1Ww4QtQAF,18/11/2020 0:00,2020-11
SxQ5GR1PT4QtQAP,18/08/2020 0:00,2020-08
sxQ5GR1SC4QtQAH,08/09/2020 0:00,2020-09
t0Q5GR1WP4QtQAD,07/11/2020 0:00,2020-11
t2Q5GR1L44QtQAB,04/06/2020 0:00,2020-06
t4Q5GR1SD4QtQAH,14/09/2020 0:00,2020-09
t4Q5GR1T34QtQAF,24/09/2020 0:00,2020-09
t5Q5GR1T34QtQAF,19/09/2020 0:00,2020-09
t8Q5GR1T54QtQAB,24/09/2020 0:00,2020-09
tAQ5GR0mV4QtQAW,05/03/2020 0:00,2020-03
TAQ5GR0zQ4QtQA0,13/03/2020 0:00,2020-03
taQ5GR1UA4QtQAD,08/12/2020 0:00,2020-12
tBQ5GR1SC4QtQAT,18/09/2020 0:00,2020-09
tcQ5GR1dd4QtQAE,19/01/2021 0:00,2021-01
TcQ5GR1En4QtQAJ,31/03/2020 0:00,2020-03
tdQ5GR1de4QtQAA,27/01/2021 0:00,2021-01
TDQ5GR1SZ4QtQA5,13/09/2020 0:00,2020-09
tEQ5GR0ks4QtQAQ,29/02/2020 0:00,2020-02
tgQ5GR1R44QtQAB,20/08/2020 0:00,2020-08
tHQ5GR19Y4QtQAW,23/02/2020 0:00,2020-02
tIQ5GR0mU4QtQAW,27/02/2020 0:00,2020-02
TiQ5GR1We4QtQAN,16/11/2020 0:00,2020-11
TjQ5GR1UB4QtQAL,09/10/2020 0:00,2020-10
tkQ5GR1R24QtQAB,17/09/2020 0:00,2020-09
TLQ5GR1T44QtQAZ,19/09/2020 0:00,2020-09
tNQ5GR1We4QtQAR,12/11/2020 0:00,2020-11
tpQ5GR1bY4QtQAC,02/01/2021 0:00,2021-01
TqQ5GR11G4QtQAK,25/02/2020 0:00,2020-02
TqQ5GR1U94QtQAN,02/10/2020 0:00,2020-10
TRQ5GR1R44QtQAZ,20/08/2020 0:00,2020-08
TSQ5GR1R44QtQAZ,24/08/2020 0:00,2020-08
TtQ5GR1cf4QtQAI,02/01/2021 0:00,2021-01
TUQ5GR0KC4QtQA1,18/09/2020 0:00,2020-09
tuQ5GR1II4QtQAD,30/03/2020 0:00,2020-03
tWQ5GR1PV4QtQAT,14/08/2020 0:00,2020-08
tyQ5GR0Kx4QtQAB,21/03/2020 0:00,2020-03
tYQ5GR1SD4QtQAX,14/09/2020 0:00,2020-09
TyQ5GR1YV4QtQAP,09/12/2020 0:00,2020-12
U1Q5GR1b54QtQAM,17/12/2020 0:00,2020-12
U3Q5GR12D4QtQAK,03/03/2020 0:00,2020-03
U4Q5GR0t44QtQAI,01/03/2020 0:00,2020-03
u6Q5GR1IJ4QtQAH,03/04/2020 0:00,2020-04
u6Q5GR1Iy4QtQAB,12/05/2020 0:00,2020-05
u8Q5GR17F4QtQAG,25/04/2020 0:00,2020-04
u8Q5GR1Fo4QtQAB,20/03/2020 0:00,2020-03
UbQ5GR1EI4QtQAP,18/07/2020 0:00,2020-07
uCQ5GR1Mr4QtQAV,26/06/2020 0:00,2020-06
UCQ5GR1RP4QtQA1,27/08/2020 0:00,2020-08
UCQ5GR1W04QtQAZ,02/11/2020 0:00,2020-11
udQ5GR1Gq4QtQAB,09/03/2020 0:00,2020-03
uDQ5GR1Ug4QtQAR,02/11/2020 0:00,2020-11
UeQ5GR0eB4QtQAK,09/03/2020 0:00,2020-03
uEQ5GR1Vm4QtQAV,29/10/2020 0:00,2020-10
ufQ5GR0o74QtQAE,14/03/2020 0:00,2020-03
UGQ5GR1Sn4QtQAZ,17/09/2020 0:00,2020-09
uHQ5GR1ek4QtQAQ,27/01/2021 0:00,2021-01
UhQ5GR1Iy4QtQAN,14/04/2020 0:00,2020-04
uHQ5GR1UA4QtQAX,16/10/2020 0:00,2020-10
UiQ5GR1244QtQAI,29/02/2020 0:00,2020-02
UJQ5GR0t54QtQAY,03/03/2020 0:00,2020-03
ujQ5GR0V04QtQAF,25/02/2020 0:00,2020-02
UkQ5GR14q4QtQAM,22/05/2020 0:00,2020-05
uLQ5GR0Md4QtQAR,04/03/2020 0:00,2020-03
UlQ5GR1EK4QtQAL,15/04/2020 0:00,2020-04
UnQ5GR1Kg4QtQAJ,14/07/2020 0:00,2020-07
unQ5GR1Ou4QtQAF,30/07/2020 0:00,2020-07
uPQ5GR1PV4QtQAT,14/08/2020 0:00,2020-08
uQQ5GR1ah4QtQAQ,09/12/2020 0:00,2020-12
URQ5GR1d64QtQA2,14/01/2021 0:00,2021-01
utQ5GR1O34QtQAF,31/07/2020 0:00,2020-07
uTQ5GR1UB4QtQAT,05/12/2020 0:00,2020-12
UUQ5GR0o84QtQAY,13/03/2020 0:00,2020-03
UVQ5GR1Rh4QtQA3,03/09/2020 0:00,2020-09
uWQ5GR1Ms4QtQAV,02/07/2020 0:00,2020-07
UZQ5GR0Iu4QtQAZ,01/03/2020 0:00,2020-03
V2Q5GR1de4QtQAI,28/01/2021 0:00,2021-01
V2Q5GR1Kg4QtQAJ,19/05/2020 0:00,2020-05
v5Q5GR0Qs4QtQAB,29/02/2020 0:00,2020-02
V5Q5GR1O34QtQAJ,31/07/2020 0:00,2020-07
V6Q5GR0zQ4QtQAO,06/05/2020 0:00,2020-05
V8Q5GR1WC4QtQAL,10/11/2020 0:00,2020-11
V9Q5GR1Rk4QtQAN,03/09/2020 0:00,2020-09
vaQ5GR0Kx4QtQAB,10/03/2020 0:00,2020-03
vaQ5GR1Ou4QtQAF,04/08/2020 0:00,2020-08
vCQ5GR1RQ4QtQAX,03/10/2020 0:00,2020-10
vCQ5GR1SC4QtQAT,29/09/2020 0:00,2020-09
VeQ5GR1Sn4QtQAN,15/09/2020 0:00,2020-09
vgQ5GR1R24QtQAB,10/08/2020 0:00,2020-08
VGQ5GR1Zg4QtQAZ,24/12/2020 0:00,2020-12
vhQ5GR1TR4QtQAH,24/09/2020 0:00,2020-09
VMQ5GR1GG4QtQA1,26/02/2020 0:00,2020-02
VNQ5GR19Z4QtQA4,16/03/2020 0:00,2020-03
VnQ5GR1VC4QtQAP,30/11/2020 0:00,2020-11
voQ5GR06N4QtQAC,01/03/2020 0:00,2020-03
VoQ5GR0ff4QtQAI,16/03/2020 0:00,2020-03
vOQ5GR1PS4QtQAT,10/08/2020 0:00,2020-08
vOQ5GR1SD4QtQAX,15/09/2020 0:00,2020-09
vpQ5GR1Ou4QtQAF,04/08/2020 0:00,2020-08
VPQ5GR1WS4QtQA1,17/11/2020 0:00,2020-11
VQQ5GR12D4QtQA0,03/03/2020 0:00,2020-03
VQQ5GR1WA4QtQA1,05/11/2020 0:00,2020-11
VrQ5GR1Ww4QtQAJ,30/11/2020 0:00,2020-11
vsQ5GR1KF4QtQAH,28/04/2020 0:00,2020-04
vtQ5GR1Nc4QtQAF,18/07/2020 0:00,2020-07
VUQ5GR1de4QtQA2,22/01/2021 0:00,2021-01
vXQ5GR1TR4QtQAX,24/09/2020 0:00,2020-09
vYQ5GR1KF4QtQAX,28/05/2020 0:00,2020-05
vYQ5GR1T34QtQAV,29/09/2020 0:00,2020-09
vzQ5GR06N4QtQAC,20/03/2020 0:00,2020-03
w0Q5GR0o64QtQAE,05/03/2020 0:00,2020-03
W2Q5GR1Mq4QtQAJ,24/09/2020 0:00,2020-09
W3Q5GR1ZP4QtQAL,02/12/2020 0:00,2020-12
W5Q5GR1Kg4QtQAJ,11/08/2020 0:00,2020-08
w5Q5GR1O34QtQAF,28/07/2020 0:00,2020-07
w6Q5GR1SZ4QtQAH,15/09/2020 0:00,2020-09
w9Q5GR1Ou4QtQAF,06/08/2020 0:00,2020-08
wAQ5GR06N4QtQAS,10/03/2020 0:00,2020-03
wAQ5GR1Ou4QtQAV,04/08/2020 0:00,2020-08
wAQ5GR1Wm4QtQAR,14/11/2020 0:00,2020-11
WcQ5GR1Ow4QtQAN,04/08/2020 0:00,2020-08
wdQ5GR1Ou4QtQAF,04/08/2020 0:00,2020-08
wEQ5GR0OD4QtQAX,16/03/2020 0:00,2020-03
weQ5GR1dH4QtQAG,18/01/2021 0:00,2021-01
weQ5GR1Ou4QtQAF,03/08/2020 0:00,2020-08
weQ5GR1SC4QtQAD,17/09/2020 0:00,2020-09
wfQ5GR0k24QtQAA,24/02/2020 0:00,2020-02
wFQ5GR1O34QtQAV,17/08/2020 0:00,2020-08
whQ5GR1L34QtQAB,15/05/2020 0:00,2020-05
whQ5GR1WS4QtQAD,09/01/2021 0:00,2021-01
WKQ5GR1PT4QtQA5,07/10/2020 0:00,2020-10
wKQ5GR1RQ4QtQAX,27/08/2020 0:00,2020-08
WkQ5GR1T34QtQAN,05/10/2020 0:00,2020-10
WKQ5GR1Yw4QtQA3,25/11/2020 0:00,2020-11
WlQ5GR1L64QtQAN,25/06/2020 0:00,2020-06
WmQ5GR1bY4QtQAO,23/12/2020 0:00,2020-12
wnQ5GR06N4QtQAC,17/03/2020 0:00,2020-03
wPQ5GR1O34QtQAV,30/07/2020 0:00,2020-07
WPQ5GR1Sn4QtQA3,15/09/2020 0:00,2020-09
wqQ5GR1PS4QtQAD,05/08/2020 0:00,2020-08
wQQ5GR1Rj4QtQAR,02/09/2020 0:00,2020-09
wsQ5GR1Ou4QtQAF,25/08/2020 0:00,2020-08
wtQ5GR0rg4QtQAA,09/03/2020 0:00,2020-03
wUQ5GR06N4QtQAS,23/03/2020 0:00,2020-03
WUQ5GR0p64QtQAY,09/03/2020 0:00,2020-03
WvQ5GR1bX4QtQAK,22/12/2020 0:00,2020-12
WvQ5GR1PS4QtQAL,09/08/2020 0:00,2020-08
wwQ5GR06N4QtQAC,28/12/2020 0:00,2020-12
wWQ5GR1aT4QtQAW,08/12/2020 0:00,2020-12
wxQ5GR06N4QtQAC,16/03/2020 0:00,2020-03
wXQ5GR06N4QtQAS,10/01/2021 0:00,2021-01
WyQ5GR1R44QtQAJ,20/08/2020 0:00,2020-08
wzQ5GR1An4QtQAB,07/03/2020 0:00,2020-03
X0Q5GR1L64QtQAN,18/07/2020 0:00,2020-07
x1Q5GR06N4QtQAC,04/08/2020 0:00,2020-08
X1Q5GR1L34QtQAN,28/05/2020 0:00,2020-05
x2Q5GR0Ov4QtQAF,17/03/2020 0:00,2020-03
X3Q5GR0Jo4QtQAN,08/03/2020 0:00,2020-03
x7Q5GR06N4QtQAC,14/03/2020 0:00,2020-03
X7Q5GR1KG4QtQAP,12/05/2020 0:00,2020-05
X8Q5GR1de4QtQAI,22/01/2021 0:00,2021-01
x9Q5GR06N4QtQAC,09/03/2020 0:00,2020-03
xAQ5GR06N4QtQAS,04/03/2020 0:00,2020-03
xbQ5GR06N4QtQAC,08/03/2020 0:00,2020-03
xBQ5GR06N4QtQAS,06/03/2020 0:00,2020-03
xBQ5GR1Vm4QtQAV,28/10/2020 0:00,2020-10
xcQ5GR06N4QtQAC,03/03/2020 0:00,2020-03
xCQ5GR14q4QtQAQ,17/03/2020 0:00,2020-03
xCQ5GR1Uh4QtQAR,19/10/2020 0:00,2020-10
xDQ5GR06N4QtQAS,18/03/2020 0:00,2020-03
XDQ5GR1Ox4QtQA3,21/10/2020 0:00,2020-10
xeQ5GR06N4QtQAC,21/03/2020 0:00,2020-03
XEQ5GR1EI4QtQA5,16/03/2020 0:00,2020-03
xfQ5GR1L34QtQAB,26/05/2020 0:00,2020-05
XFQ5GR1L64QtQA3,04/06/2020 0:00,2020-06
XGQ5GR0t44QtQAY,25/02/2020 0:00,2020-02
XgQ5GR11F4QtQAO,19/03/2020 0:00,2020-03
XgQ5GR14p4QtQAI,21/03/2020 0:00,2020-03
xiQ5GR06N4QtQAC,01/03/2020 0:00,2020-03
xIQ5GR1SZ4QtQAX,24/09/2020 0:00,2020-09
xlQ5GR14q4QtQAA,22/03/2020 0:00,2020-03
XLQ5GR1L64QtQA3,05/06/2020 0:00,2020-06
XlQ5GR1VC4QtQAL,26/10/2020 0:00,2020-10
xMQ5GR0ff4QtQAQ,29/02/2020 0:00,2020-02
XmQ5GR0p44QtQAI,21/03/2020 0:00,2020-03
xMQ5GR1SC4QtQAT,08/09/2020 0:00,2020-09
xmQ5GR1SZ4QtQAH,24/09/2020 0:00,2020-09
XNQ5GR1KH4QtQA5,04/05/2020 0:00,2020-05
xOQ5GR0rg4QtQAU,03/03/2020 0:00,2020-03
xOQ5GR11F4QtQAW,18/03/2020 0:00,2020-03
xPQ5GR06N4QtQAS,01/03/2020 0:00,2020-03
xPQ5GR1ci4QtQAU,08/01/2021 0:00,2021-01
xqQ5GR06N4QtQAC,01/03/2020 0:00,2020-03
XQQ5GR0WG4QtQA1,08/01/2021 0:00,2021-01
XrQ5GR1SZ4QtQAP,15/09/2020 0:00,2020-09
xSQ5GR1bi4QtQAU,05/01/2021 0:00,2021-01
xSQ5GR1Ww4QtQAR,18/11/2020 0:00,2020-11
XtQ5GR1L34QtQAJ,18/05/2020 0:00,2020-05
xTQ5GR1UB4QtQAT,14/10/2020 0:00,2020-10
xVQ5GR0o74QtQAQ,12/03/2020 0:00,2020-03
xvQ5GR0Pr4QtQAF,29/02/2020 0:00,2020-02
XVQ5GR0t44QtQAY,25/02/2020 0:00,2020-02
xVQ5GR1dV4QtQAS,19/01/2021 0:00,2021-01
xYQ5GR06N4QtQAS,05/03/2020 0:00,2020-03
XZQ5GR1L34QtQAZ,17/07/2020 0:00,2020-07
y3Q5GR1KF4QtQAH,06/05/2020 0:00,2020-05
y4Q5GR1KF4QtQAH,30/04/2020 0:00,2020-04
Y5Q5GR1Mr4QtQAN,07/08/2020 0:00,2020-08
y5Q5GR1ZS4QtQAH,08/12/2020 0:00,2020-12
y6Q5GR1SC4QtQAD,11/09/2020 0:00,2020-09
y8Q5GR1TS4QtQAD,29/09/2020 0:00,2020-09
y9Q5GR1UT4QtQAH,09/10/2020 0:00,2020-10
yAQ5GR1Ou4QtQAV,06/08/2020 0:00,2020-08
YcQ5GR1Bf4QtQAN,23/03/2020 0:00,2020-03
YeQ5GR1Wk4QtQAJ,30/11/2020 0:00,2020-11
ygQ5GR1Wd4QtQAB,13/11/2020 0:00,2020-11
yhQ5GR0ka4QtQAA,24/02/2020 0:00,2020-02
yIQ5GR0o94QtQAU,14/03/2020 0:00,2020-03
yiQ5GR13k4QtQAE,11/03/2020 0:00,2020-03
yIQ5GR1Bg4QtQAR,23/02/2020 0:00,2020-02
YIQ5GR1Ux4QtQA3,19/10/2020 0:00,2020-10
YlQ5GR0rX4QtQAK,09/03/2020 0:00,2020-03
YmQ5GR1L64QtQAN,09/06/2020 0:00,2020-06
YnQ5GR1L64QtQAN,08/06/2020 0:00,2020-06
YNQ5GR1TS4QtQA5,01/10/2020 0:00,2020-10
yoQ5GR1Ke4QtQAF,10/06/2020 0:00,2020-06
yOQ5GR1Mr4QtQAV,30/06/2020 0:00,2020-06
ypQ5GR0t44QtQAE,04/03/2020 0:00,2020-03
YQQ5GR12C4QtQA0,05/03/2020 0:00,2020-03
yqQ5GR19b4QtQAA,23/03/2020 0:00,2020-03
YQQ5GR1UA4QtQA5,13/01/2021 0:00,2021-01
YRQ5GR0zP4QtQA4,16/03/2020 0:00,2020-03
yRQ5GR19b4QtQAQ,23/03/2020 0:00,2020-03
yRQ5GR1Mq4QtQAV,24/09/2020 0:00,2020-09
YsQ5GR1T64QtQAN,01/10/2020 0:00,2020-10
ysQ5GR1WP4QtQAD,08/11/2020 0:00,2020-11
ytQ5GR1D84QtQAB,28/02/2020 0:00,2020-02
yUQ5GR0ff4QtQAQ,10/03/2020 0:00,2020-03
yuQ5GR0Qv4QtQAF,25/03/2020 0:00,2020-03
YUQ5GR1Zr4QtQA3,08/12/2020 0:00,2020-12
yVQ5GR0V04QtQAR,07/04/2020 0:00,2020-04
YvQ5GR1Ww4QtQAN,18/11/2020 0:00,2020-11
YWQ5GR1L64QtQA3,30/06/2020 0:00,2020-06
YwQ5GR1R24QtQAN,18/08/2020 0:00,2020-08
YXQ5GR1Wo4QtQA3,16/11/2020 0:00,2020-11
yzQ5GR1b54QtQAA,17/12/2020 0:00,2020-12
YzQ5GR1R44QtQAJ,20/08/2020 0:00,2020-08
yzQ5GR1RQ4QtQAD,21/08/2020 0:00,2020-08
z0Q5GR1ci4QtQAA,26/01/2021 0:00,2021-01
z1Q5GR1ci4QtQAA,14/01/2021 0:00,2021-01
z2Q5GR1L34QtQAF,09/09/2020 0:00,2020-09
Z3Q5GR1JQ4QtQAL,20/04/2020 0:00,2020-04
z4Q5GR1Ao4QtQAF,23/12/2020 0:00,2020-12
z6Q5GR0V34QtQAF,09/12/2020 0:00,2020-12
Z8Q5GR1Wt4QtQAJ,20/11/2020 0:00,2020-11
zAQ5GR1Bh4QtQAV,29/02/2020 0:00,2020-02
zaQ5GR1R24QtQAB,14/08/2020 0:00,2020-08
zBQ5GR1Bh4QtQAV,24/02/2020 0:00,2020-02
ZdQ5GR12C4QtQAK,12/03/2020 0:00,2020-03
zDQ5GR1T44QtQAR,27/11/2020 0:00,2020-11
zdQ5GR1Wg4QtQAF,17/11/2020 0:00,2020-11
zHQ5GR0t44QtQAQ,26/02/2020 0:00,2020-02
ZHQ5GR1Na4QtQA3,14/07/2020 0:00,2020-07
ZhQ5GR1NY4QtQAL,12/07/2020 0:00,2020-07
ZJQ5GR1R44QtQAZ,20/08/2020 0:00,2020-08
zjQ5GR1Uy4QtQAF,22/10/2020 0:00,2020-10
ZkQ5GR1T54QtQAN,20/11/2020 0:00,2020-11
ZLQ5GR18t4QtQAY,13/03/2020 0:00,2020-03
ZmQ5GR1T34QtQAN,14/09/2020 0:00,2020-09
ZNQ5GR1T44QtQAZ,22/09/2020 0:00,2020-09
ZOQ5GR1TV4QtQA5,07/01/2021 0:00,2021-01
zQQ5GR0ff4QtQAQ,16/03/2020 0:00,2020-03
zrQ5GR1Jq4QtQAF,23/04/2020 0:00,2020-04
zSQ5GR1Ov4QtQAV,04/08/2020 0:00,2020-08
ztQ5GR1Ha4QtQAF,28/03/2020 0:00,2020-03
zVQ5GR1R24QtQAR,14/08/2020 0:00,2020-08
zVQ5GR1R44QtQAR,24/08/2020 0:00,2020-08
zXQ5GR0Tc4QtQAV,24/02/2020 0:00,2020-02
zxQ5GR1HY4QtQAD,12/03/2020 0:00,2020-03
zYQ5GR0zP4QtQAW,01/03/2020 0:00,2020-03
ZYQ5GR17F4QtQA4,07/03/2020 0:00,2020-03
zzQ5GR15i4QtQAE,10/03/2020 0:00,2020-03
zzQ5GR1SD4QtQAH,11/09/2020 0:00,2020-09